index,ml_value,ml_value_norm01
0,0.16848896,0.94740885
1,0.15189807,0.70809
2,0.15866962,0.80576766
3,0.13373008,0.446022
4,0.13958064,0.5304146
5,0.17213486,0.9999999
6,0.15595546,0.7666167
7,0.1028094,0.0
